{
    "LinearRegression": {
        "rmse": 5926.023602394468,
        "mae": 4243.654116653136,
        "r2": 0.7672642952734358,
        "accuracy": 76.72642952734357
    },
    "ElasticNet": {
        "rmse": 7105.189869697279,
        "mae": 5308.839639317477,
        "r2": 0.6654295064422417,
        "accuracy": 66.54295064422418
    },
    "DecisionTreeRegressor": {
        "rmse": 6048.159237652473,
        "mae": 2693.294304847761,
        "r2": 0.7575720467376498,
        "accuracy": 75.75720467376497
    },
    "GradientBoostingRegressor": {
        "rmse": 4580.490382405571,
        "mae": 2539.6720325962747,
        "r2": 0.8609534517110202,
        "accuracy": 86.09534517110203
    }
}