{
    "rmse": 7105.189869697279,
    "mae": 5308.839639317477,
    "r2": 0.6654295064422417
}