{"RMSE": 7104.761812997117, "MAE": 5308.530452631175, "R2": 0.6654698183950425}