{"RMSE": 6351.737179955234, "MAE": 4783.648558032403, "R2": 0.7401295055058736, "Accuracy": 0.996268656716418}